Sport,Organisation,Postal Address,Postal Address Suburb,Postal Address State,Postal Address Postcode,Street Address,Street Address Suburb,Street Address State,Street Address Postcode,Phone,Email,Website
Athletics,Queensland Athletic Association Ltd,PO Box 249,Sunnybank,QLD,4109,"Level 3, Queensland Sports and Athletic Centre, Kessels Rd",Nathan,QLD,4111,(07) 3343 5653,info@qldathletics.org.au,www.qldathletics.org.au
Athletics,Queensland Little Athletic Association Inc,PO Box 6037,Fairfield Gardens,QLD,4103,15 Orontes Road,Yeronga,QLD,4104,(07) 3255 9436,info@qlaa.asn.au ,www.qlaa.asn.au
Australian Football,AFL Queensland Ltd,PO Box 3132,Yeronga LPO,QLD,4104,Cansdale Street,Yeronga,QLD,4104,(07) 3033 5400,admin@aflq.com.au,www.aflq.com.au
Badminton,Queensland Badminton Association Inc,,,,,"Suite 2.01 Sports House, Cnr Caxton and Castlemaine Streets",Milton,QLD,4064,(07) 3162 1281,secretary@qba.net.au,www.qba.net.au
Baseball,Baseball Queensland Inc,PO Box 124,Spring Hill,QLD,4004,"Suite 1.11 Sports House, Cnr Caxton and Castlemaine Stre",Milton,QLD,4064,(07) 3876 2222,admin@baseballqld.asn.au,www.qld.baseball.com.au
Basketball,Queensland Basketball Inc,"c/o The Sleeman Sports Complex, Cnr Old Cleveland & Tilley Rds",Chandler,QLD,4115,"Sleeman Sports Complex, Cnr Old Cleveland & Tilley Rds",Chandler,QLD,4155,(07) 3377 9100,admin@basketballqld.net.au,www.basketballqld.net.au
Bicycle Motocross,BMX Queensland Inc,PO Box 1238,Carindale,QLD,4152,"Sleeman Sports Complex, Cnr Old Cleveland and Tilley Roads",Chandler,QLD,4155,(07) 3245 3012,office@bmxq.org.au ,www.bmxq.org.au
Billiards and snooker,Queensland Billiards and Snooker Association,PO Box 417,Spring Hill,QLD,4004,"Suite 2.07 Sports House, Cnr Castlemaine and Caxton Streets",Milton,QLD,4064,(07) 3876 4147,qbsa@qbsa.com.au,www.qbsa.com.au
Bowls,Bowls Queensland,PO Box 476,Alderly,QLD,4051,72 Pickering St,Enoggera,QLD,4051,(07) 3355 9988,admin@bowlsqld.org,www.bowlsqld.org
Bowls,Queensland Indoor Bowling Association Inc,15 Ivory Creek Road,Toogoolawah,QLD,4313,,,,,(07) 5423 1646,annette.dunstan@bigpond.com.au,www.qldindoorbiasbowls.com.au
Boxing,Boxing Queensland Inc,PO Box 848,Beenleigh,QLD,4207,,,,,(07) 3287 1431,boxingqld@bigpond.com,www.qabai.org
Canoeing,Australian Outrigger Canoe Racing Association - Queensland State Centre,12 Leura Place,Helensvale,QLD,4212,,,,,0419 249 360,anna.langton@sca.com,www.aocra.com.au
Canoeing,Queensland Canoeing Inc,PO Box 7007,Upper Mt Gravatt,QLD,4122,"The Beach House, Queensland Sports and Athletic Centre, Cnr Kessels and Mains Roads",Nathan,QLD,4111,(07) 3349 1933,qld@canoe.org.au,www.qld.canoe.org.au
Cricket,Queensland Cricket Association Ltd,PO Box 575,Albion,QLD,4010,1 Bogan Street,Breakfast Creek,QLD,4010,(07) 3292 3100,qldc@qldcricket.com.au,www.qldcricket.com.au
Croquet,Croquet Association Queensland Inc,"Suite 2.05 Sports House, Cnr Caxton and Castlemaine Streets",Milton,QLD,4064,"Suite 2.05 Sports House, Cnr Caxton and Castlemaine Streets",Milton,QLD,4064,(07) 3876 5576,info@croquetqld.org,www.croquetqld.org
Cycling,Queensland Cyclists Association Inc,PO Box 4115,Gumdale,QLD,4154,"Chandler Velodrome, Norm Gailey Grandstand, Sleeman Sports Complex, Cnr Old Cleveland and Tilley Roads",Chandler,QLD,4115,(07) 3390 1477,qld.info@cycling.org.au,www.qld.cycling.org.au
Dancesport,Dancesport Limited Australia,PO Box 183,Lutwyche,QLD,4030,,,,,,dsqexec@gmail.com,www.dancesport.org.au
Darts,Darts Queensland Inc,7 Cedar Drive,North Rockhampton,QLD,4701,,,,,,dartsqld180@bigpond.com ,www.dartsqld.com.au
Diving,Queensland Diving Association Inc,Po Box 1088,Carindale,QLD,4152,"Brisbane Aquatic Centre, Sleeman Sports Complex, Cnr Old Cleveland and Tilley Roads",Chandler,QLD,4155,(07) 3823 1389,execdir@divingqld.org.au ,www.divingqld.org.au
Dragonboat Racing,Queensland Dragon Boat Federation Inc,Po Box 660,Springwood,QLD,4127,,,,,,info@qdbf.com.au,www.qdbf.com.au
Equestrian,Australian Trail Horse Riders Association Inc,Po Box 1186,Capalaba DC,QLD,4157,,,,,,,www.athra.com.au
Equestrian,Equestrian Queensland,PO Box 1358,Cooparoo DC,QLD,4151,"Level 2 Sports House, 866 Mains Street",Woolloongabba,QLD,4102,(07) 3891 6611,,www.qld.equestrian.org.au
Equestrian,Queensland Endurance Riders Association Inc,1327 Belli Creek Road,Ridgewood via Cooroy,QLD,4563,,,,,,qera-secretary@aera.asn.au,www.aera.asn.au/qera
Equestrian,The Pony Club Association of Queensland Inc,PO Box 2378,Fortitude Valley BC,QLD,4006,Unit 11 / 913-915 Ann Street,Fortitude Valley,QLD,4006,(07) 3216 1255,admin@pcaq.asn.au,www.pcaq.asn.au
Equestrian,Riding For The Disabled Association of Qld Inc,PO Box 529,Burpengary,QLD,4505,"Shaftsbury Campus, Cnr Bruce Hwy and Deception Bay Roads",Burpengary,QLD,4505,(07) 3888 5277,admin@rdaq.org.au,www.rdaq.org.au
Fencing,Queensland Fencing Association Inc,PO box 3065,Yeronga,QLD,4104,,,,,,info@qfa.org.au,www.qfa.org.au
Football (Soccer) and Futsal (Indoor Soccer),Football Queensland Ltd,PO Box 748,Sunnybank,QLD,4109,"Level 3, Queensland Sport and Athletics Centre, Kessels Road",Nathan,QLD,4109,(07) 3420 5866,info@footballqueensland.com.au,www.footballqueensland.com.au
Golf,Gold Queensland Ltd,GPO Box 1518,Brisbane,QLD,4001,"Unit 2, 14 Walden Lane",Bowen Hills,QLD,4006,(07) 3252 8155,info@golfqueensland.org.au,www.golfqueensland.org.au
Gridiron,Gridiron Queensland Inc,PO Box 1083,Slacks Creek,QLD,4127,"Sports House South, 866 Main Street",Woolloongabba,QLD,4102,0438 797 933,treasurer@gridironqld.asn.au,www.gridironqld.asn.au
Gymnastics,Queensland Gymnastics Association Inc,"Level 3 Sports House, 866 Main Street",Woolloongabba,QLD,4102,"Level 3 Sports House, 866 Main Street",Woolloongabba,QLD,4102,(07) 3036 5600,info@gymqld.org.au,www.gymqld.org.au
Handball,Queensland Team Handball Association Inc,PO BOX 15395,City East,QLD,4002,,,,,0488 271 046,president@qldhandball.com.au,www.qldhandball.com.au
Hockey,Hockey Queensland Inc,PO Box 246,Morningside,QLD,4170,400-420 Lytton Road,Colmslie,QLD,4170,(07) 3399 6577,office@hockeyqld.com.au,www.hockeyqld.com.au
Ice hockey,Ice Hockey Queensland Inc,PO Box 15051,City East,QLD,4002,,,,,,secretary@ihq.org.au,www.ihq.org.au
Ice racing,Queensland Ice Racing Association Inc,2304 Sandgate Road,Boondall,QLD,4034,2304 Sandgate Road,Boondall,QLD,4034,0409 497 858,ngunn99@hotmail.com ,www.iceracingqld.weebly.com
Ice skating,Ice Skating Queensland Inc,PO Box 82,Archerfield,QLD,4108,"Iceworld Olympic Ice Rink, 1179 Beaudesert Road",Acacia Ridge,QLD,4110,(07) 3277 7563,administrator@isq.org.au ,www.isq.org.au
Lacrosse,Queensland Lacrosse Association Inc,PO Box 482,Mt Gravatt Plaza,QLD,4122,,,,,,qldlacrosse@gmail.com,www.queenslandlacrosse.com
Life Saving,Royal Life Saving Society Queensland Inc,PO Box 1093,Capalaba,QLD,4157,"The Plantation, 1204 New Cleveland Road",Gumdale,QLD,4154,(07) 3823 2823,michael@rlssq.com.au,www.rlssq.com.au
Life Saving,Surf Life Saving Queensland,PO Box 3747,South Brisbane,QLD,4101,"Surf Rescue House, 18 Manning Street",South Brisbane,QLD,4101,(07) 3846 8000,info@lifesaving.com.au,www.lifesaving.com.au
Marching,Drill Dance Queensland (formerly Queensland Marching Association),PO Box 255,Scarborough,QLD,4020,,,,,0408 234 263,askdrilldance@optusnet.com.au,www.drilldanceqld.com
Martial Arts,Judo Federation of Australia (Queensland Inc),"Suite 2.13, Sports House, 150 Caxton St",Milton,QLD,4064,"Suite 2.13, Sports House, 150 Caxton St",Milton,QLD,4064,(07) 3162 8390,office@jfaq.com.au,www.jfaq.com.au
Martial Arts,Taekwondo Australia - Queensland Branch Inc,PO Box 2432,Chermside Centre,QLD,4032,"South Pine Sports Association, Cribb Road",Brendale,QLD,4500,(07) 3325 0921,info@tkdqld.com,www.tkdqld.com
Motorcycling,Motorcycling Queensland,PO Box 2072,North Ipswich,QLD,4305,"Level 2, 8 Gordon Street",Ipswich,QLD,4305,(07) 3281 2255,info@mqld.org.au,www.mqld.org.au
Motor sport,Confederation of Australian Motor Sport Ltd,PO Box 1859,Milton BC,QLD,4064,"Suite 1.10, Sports House, Cnr Caxton and Castlemaine Streets",Milton,QLD,4064,(07) 3368 2911,qld@cams.com.au,www.cams.com.au
Netball,Queensland Netball Association Inc,PO Box 50,Moorooka,QLD,4105,210 Beaudesert Rd,Moorooka,QLD,4105,(07) 3848 6330,info@netballq.org.au,www.netballq.org.au
Orienteering,Queensland Orienteering,PO Box 114,Spring Hill,QLD,4004,,,,,1300 799 736,admin@oq.asn.au ,www.oq.asn.au
Orienteering,Queensland Rogaine Association Inc,PO Box 912,Spring Hill,QLD,4004,,,,,0405 673 986,president@qldrogaine.asn.au,www.qldrogaine.asn.au
Parachuting,Queensland Parachuting Association Inc,PO Box 5,Cannonvale,QLD,4802,,,,,,nqpc@qld.chariot.net.au,www.qpa.asn.au
Polocrosse,Queensland Polocrosse Association Inc,PO Box 1875,Toowoomba,QLD,4350,108 Russell Street,Toowoomba,QLD,4350,(07) 4632 3045,poloxqld@bigpond.net.au,www.polocrosse.com.au
Powerlifting,Powerlifting Australia Ltd,GPO Box 2322,Melbourne,VIC,3001,"Level 6, 167-169 Queen Street",Melbourne,VIC,3001,(03) 9670 2933,rwilks@snapmail.com.au,www.powerliftingaustralia.com
Rowing,Rowing Queensland Inc,PO Box 3575,South Brisbane,QLD,4101,"Davies Park, 150 Jane Street",West End,QLD,4101,(07) 3842 1200,rosss@rowingqld.asn.au,www.rowingqld.asn.au
Rugby league,Queensland Rugby Football League Ltd,Locked Bag 3000,Paddington,QLD,4064,Cnr Castlemaine and Chippendall Streets,Milton,QLD,4064,(07) 3367 6000,rugbyleague@qrl.com.au,www.qrl.com.au
Rugby union,Queensland Rugby Union Ltd,PO Box 205,Kelvin Grove,QLD,4059,"Rugby House, 231 Butterfield Street",Herston,QLD,4006,(07) 3354 9333,rugby@qru.com.au,www.qru.com.au
Shooting,Pistol Shooting Queensland,PO Box 306,Carina,QLD,4152,"Belmont Shooting Complex, 1485 Old Cleveland Road",Belmont,QLD,4153,(07) 3395 1322,admin@pistolshootingqld.org,www.pistolshootingqld.org
Shooting,Queensland Clay Target Association Inc,PO Box 947,Brisbane,QLD,4000,,,,,1300 667 278,admin@claytargetqld.org.au,www.claytargetqld.org.au
Shooting,Queensland Rifle Association Inc,PO Box 38,Carina,QLD,4153,"Belmont Shooting Complex, 1485 Old Cleveland Road",Belmont,QLD,4153,(07) 3398 4309,qra@qldrifle.com,www.qldrifle.com
Shooting,Queensland Sporting Clays Association Inc,PO Box 1717,Springwood,QLD,4127,,,,,0404 024 220,sec@qldsportingclays.org.au,www.qldsportingclays.org.au
Shooting,Queensland Target Sports Inc,PO Box 4133,Gumdale,QLD,4154,"Belmont Shooting Complex, 1485 Old Cleveland Road",Belmont,QLD,4157,0402 819 071,Secretary@targetsports.org.au,www.targetsports.org.au
Skating,Skate Queensland Association Inc,"Suite 2.11, Sports House, Cnr Castlemaine and Caxton Streets",Milton,QLD,4064,"Suite 2.11, Sports House, Cnr Castlemaine and Caxton Streets",Milton,QLD,4064,(07) 3369 6144,info@skateqld.org.au,www.skateqld.org.au
Skipping,Skipping Queensland Inc,PO Box 686,Cleveland,QLD,4163,,,,,,president@skippingqueensland.com.au,www.skippingqueensland.com.au
Softball,Queensland Softball Association Inc,"Sports House South, 866 Main Street",Woolloongabba,QLD,4102,"Level 2 Sports House, 866 Main Street",Woolloongabba,QLD,4102,(07) 3391 2447,admin@softballqld.asn.au,www.qld.softball.org.au
Squash,Qsquash,PO Box 1039,Lutwyche,QLD,4030,"Office 6 Level 3 Western Stand, Queensland Sport and Athletics Centre, Corner Mains and Kessells Road",Nathan,QLD,4111,1300 856 628,qsquash@live.com,www.squash.org.au/qld
Surfing,Surfing Queensland Inc,Po Box 233,Burleigh Heads,QLD,4220,"Level 2, Old Burleigh Theatre Arcade, Goodwin Terrace",Burleigh Heads,QLD,4220,(07) 5520 1165,info@surfingqueensland.com,www.surfingqueensland.com
Swimming,Queensland Swimming Association Inc,PO Box 1279,Capalaba BC,QLD,4157,"The Sleeman Centre, Cnr Old Cleveland and Tilley Roads",Chandler,QLD,4155,(07) 3390 2011,dmin.qld@swimming.org.au,www.qld.swimming.org.au
Synchronized Swimming,Queensland Synchronized Swimming Association Inc,PO Box 3034,Sunnybank South,QLD,4109,,,,,,contact@qldsynchro.org.au,www.qldsynchro.org.au
Table Tennis,Table Tennis Queensland Inc,"Suite 2.06 Sports House, Cnr Castlemaine and Caxton Streets",Milton,QLD,4064,"Suite 2.06 Sports House, Cnr Castlemaine and Caxton Streets",Milton,QLD,4064,(07) 3217 5579,admin@tabletennisqld.org,www.tabletennisqld.org
Tennis,Tennis Queensland,Po Box 2366,Graceville,QLD,4075,Unit 8 / 148 Tennyson Memorial Drive,Yeerongpilly,QLD,4105,(07) 3426 4888,info@tennisqueensland.com.au,www.tennis.com.au/qld
Tenpin Bowling,Tenpin Bowling Association of Queensland Inc,"Suite 2.03 Sports House, Cnr Castlemaine and Caxton Streets",Milton,QLD,4064,"Suite 2.03 Sports House, Cnr Castlemaine and Caxton Streets",Milton,QLD,4064,(07) 3876 5400,tbaq@tbaq.org.au,www.tbaq.org.au
Touch football,Queensland Touch Association Inc,PO Box 1279,Beenleigh,QLD,4207,1 Lae St,Beenleigh,QLD,4207,(07) 3807 2000,admin@qldtouch.com.au,www.qldtouch.com.au
Traithlon,Triathlon Queensland Ltd,"Suite 2.14 Sports House, Cnr Castlemaine and Caxton Streets",Milton,QLD,4064,"Suite 2.14 Sports House, Cnr Castlemaine and Caxton Streets",Milton,QLD,4064,(07) 3369 9600,admin@triathlonqld.com.au,www.triathlonqld.com.au
Ultimate Disc,Queensland Ultimate Disc Association Inc,PO Box 15048,City East,QLD,4002,,,,,,info@quda.org,www.quda.org
Underwater sport,Australian Underwater Federation Queensland Inc,83 Bunkers Hill School Road,Wetsbrook,QLD,4350,83 Bunkers Hill School Road,Wetsbrook,QLD,4350,0418 754 644,judyaufq@bigpond.net.au,www.aufq.org.au
Volleyball,Queensland Volleyball Association Inc,"Suite 2.12 Sports House, Cnr Castlemaine and Caxton Streets",Milton,QLD,4064,"Suite 2.12 Sports House, Cnr Castlemaine and Caxton Streets",Milton,QLD,4064,(07) 3367 1991,am@qva.org.au,www.qva.org.au
Waterpolo,Queensland Water Polo Inc,"Suite 1.10 Sports House, Cnr Castlemaine and Caxton Streets",Milton,QLD,4064,"Suite 1.10 Sports House, Cnr Castlemaine and Caxton Streets",Milton,QLD,4064,(07) 3367 1661,info@waterpoloqld.com.au,www.waterpoloqld.com.au
Weightlifting,Queensland Weightlifting Association Inc,PO Box 1056,Capalaba,QLD,4157,"The Sleeman Centre, Cnr Old Cleveland and Tilley Roads",Chandler,QLD,4155,(07) 3823 1377,qwa@tpg.com.au,www.qwa.org
Wrestling,Wrestling Queensland,9 Lemm St,Everton Hills,QLD,4053,,,,,(07) 3353 2133,re.franklin@bigpond.com,www.wrestlingqld.org.au
Yachting,The Queensland Yachting Association Ltd,PO Box 5462,Manly,QLD,4179,578 Royal Esplanade,Manly,QLD,4179,(07) 3393 6788,office@qldyachting.org.au,www.qld.yachting.org.au